delta [deg],err_delta [deg]
48.8166666667,0.05
50.0666666667,0.05
50.45,0.05
50.7333333333,0.05
51.25,0.05
