x2[cm],err_x2[cm],1+(B/G),err_1+(B/G)
13.4,0.5,3.32,0.1517
17.0,0.5,4.08,0.17198
20.1,0.5,4.72,0.19116
31.7,0.5,6.96,0.2669
37.6,0.5,8.08,0.30757
6.8,0.5,2.44,0.13311
7.9,0.5,2.12,0.12809
11.2,0.5,2.88,0.14162
24.3,0.5,5.48,0.21567
46.5,0.5,9.92,0.37644
