x,err_x,1+1/y,err_1+1/y
1.3709677419,0.0603745389,14.5,0.0707106781
1.359375,0.0566932171,14.8,0.0707106781
1.3484848485,0.0533414443,14.8,0.0707106781
1.359375,0.0566932171,15.1,0.0707106781
1.4423076923,0.0856009246,15.7,0.0707106781
1.4259259259,0.0794167901,16.0,0.0707106781
1.3965517241,0.0689123221,16.3,0.0707106781
1.4181818182,0.0765746075,16.6,0.0707106781
1.5111111111,0.1141224311,16.9,0.0707106781
1.5111111111,0.1141224311,17.9,0.0707106781
