z,err_z,1+y,err_1+y
3.6956521739,0.438714041,13.55,5.0002499938
3.7826086957,0.438970543,15.2,5.0002499938
3.8695652174,0.4392350309,16.2,5.0002499938
3.7826086957,0.438970543,15.9,5.0002499938
3.2608695652,0.4375517961,13.4,5.0002499938
3.347826087,0.4377681664,14.25,5.0002499938
3.5217391304,0.4382250504,15.7,5.0002499938
3.3913043478,0.4378793718,14.8,5.0002499938
2.9565217391,0.4368580774,12.2,5.0002499938
2.9565217391,0.4368580774,11.3,5.0002499938
