d**3 [cm**3],err_d**3 [cm**3],Phi/A [W],err_Phi/A [W]
0.00024,5e-05,545.0,0.33333
0.00013,2e-05,323.66667,0.33333
6e-05,1e-05,175.33333,0.33333
4e-05,0.0000001,98.33333,0.33333
2e-05,0.0000001,60.66667,0.33333
2e-05,0.0000001,40.66667,0.33333
1e-05,0.0000001,22.0,0.33333
