d**3 [cm**3],err_d**3 [cm**3],Phi/A [W],err_Phi/A [W]
0.00024,5e-05,544.33333,0.33375
0.00013,2e-05,323.0,0.33375
6e-05,1e-05,174.66667,0.33375
4e-05,1e-8,97.66667,0.33375
2e-05,1e-8,60.0,0.33375
2e-05,1e-8,40.0,0.33375
1e-05,1e-8,21.33333,0.33375