1/D_B [1/mm],err_1/D_B [1/mm],alpha [rad],err_alpha [rad]
0.33333333,1.0E-7,0.000,0.021
0.50000000,1.0E-7,0.254,0.022
1.00000000,1.0E-7,0.455,0.022
1.66666667,1.0E-7,0.95,0.03
3.33333333,1.0E-7,2.25,0.04
