1/D_B [1/mm],err_1/D_B [1/mm],alpha [rad],err_alpha [rad]
0.3333333333,1.11e-08,0.0,0.0211699968
0.5,2.5e-08,0.2540399613,0.0215709886
1.0,1e-07,0.4551549307,0.0224317957
1.6666666667,2.778e-07,0.952649855,0.0262522943
3.3333333333,1.1111e-06,2.2546046568,0.0424041983
