1/D_B [1/mm],err_1/D_B [1/mm],alpha [rad],err_alpha [rad]
0.33333,1e-7,0.0,0.0295
0.5,1e-7,0.35398,0.0295
1.0,1e-7,0.63422,0.0295
1.66667,1e-7,1.32743,0.0295
3.33333,1e-7,3.14159,0.0295
