1/D_B [1/m],err_1/D_B [1/m],alpha [rad],err_alpha [rad]
333.333333,0.000011,0.00,0.05
500.00000,0.00003,0.40,0.08
1000.00000,0.00010,0.61,0.08
1666.6667,0.0003,1.42,0.14
3333.3333,0.0011,2.35,0.04
